Poluente,Nao controlado,ESP,DSI/ESP,SD/ESP,DSI/FF,SD/FF SD 
PM,12.6,0.105,0.0295,0.0352,0.0895,0.0311
As,0.00214,0.0000109,0,0.00000685,0.00000515,0.0000212
Cd,0.00545,0.000323,0.0000444,0.00000376,0.0000117,0.0000136
Cr,0.00449,0.0000565,0.0000155,0.000013,0.00001,0.000015
Hg,0.0028,0.0028,0.00198,0.00163,0.0011,0.0011
Ni,0.00393,0.000056,0.00161,0.000135,0.0000715,0.0000258
Pb,0.107,0.0015,0.00145,0.000458,0.000149,0.000131
SO2,1.73,0,0,0,0.327,0.715
HCl,3.2,0,0,0,0.079,0.319
