,z0_spring,z0_summer,z0_autumn,z0_winter,alb_spring,alb_summer,alb_autumn,alb_winter,bo_spring,bo_summer,bo_autumn,bo_winter,Sectors
0,0.4933355035855214,0.5037644066293674,0.4839502849623105,0.4839502849623105,0.14579599233624613,0.1856660644438527,0.1777963525029731,0.1777963525029731,0.38669465075497095,0.6022534687927996,0.8207752814233534,0.8207752814233534,90.0
1,0.2404678754018632,0.23935542293341275,0.1644049275760148,0.1644049275760148,0.14579599233624613,0.1856660644438527,0.1777963525029731,0.1777963525029731,0.38669465075497095,0.6022534687927996,0.8207752814233534,0.8207752814233534,135.0
2,0.3178107878086495,0.30947371124507905,0.21818313654484964,0.21818313654484964,0.14579599233624613,0.1856660644438527,0.1777963525029731,0.1777963525029731,0.38669465075497095,0.6022534687927996,0.8207752814233534,0.8207752814233534,180.0
3,0.3347987154888861,0.32194625734233506,0.2358352687673384,0.2358352687673384,0.14579599233624613,0.1856660644438527,0.1777963525029731,0.1777963525029731,0.38669465075497095,0.6022534687927996,0.8207752814233534,0.8207752814233534,225.0
4,0.34123043915736206,0.2818278555431159,0.17645913342388558,0.17645913342388558,0.14579599233624613,0.1856660644438527,0.1777963525029731,0.1777963525029731,0.38669465075497095,0.6022534687927996,0.8207752814233534,0.8207752814233534,270.0
5,0.20549762783015296,0.16518693281442165,0.07444801854599574,0.07444801854599574,0.14579599233624613,0.1856660644438527,0.1777963525029731,0.1777963525029731,0.38669465075497095,0.6022534687927996,0.8207752814233534,0.8207752814233534,315.0
6,0.30219117259668526,0.31020273559010475,0.26283960642769627,0.26283960642769627,0.14579599233624613,0.1856660644438527,0.1777963525029731,0.1777963525029731,0.38669465075497095,0.6022534687927996,0.8207752814233534,0.8207752814233534,45.0
7,0.2548887594234467,0.20825510260277874,0.11856808900887518,0.11856808900887518,0.14579599233624613,0.1856660644438527,0.1777963525029731,0.1777963525029731,0.38669465075497095,0.6022534687927996,0.8207752814233534,0.8207752814233534,0.0
